Name,Date,Link
⚡️ Enlightning - Evolving Multi-tenant Kubernetes Log Collection with the Logging Operator,05/23/2024,https://www.youtube.com/watch?v=RDD2qRZo0dE
⚡️ Enlightning - An Introduction to Fluentd and Fluent Bit: How to Collect Data From Any Source and Send It to Any Location,05/24/2024,https://www.youtube.com/watch?v=15p1XYdzkew
⚡️ Enlightning - Exploring Distributed Tracing with Jaeger,05/30/2024,https://www.youtube.com/watch?v=XHVeBYcz3wo
⚡️ Enlightning - Observability 2.0: Not Just Another Buzzword,06/06/2024,https://www.youtube.com/watch?v=WiFoSr54kjM
KuberTENes CNCF video,06/06/2024,https://www.youtube.com/watch?v=BZ__Pec5pyo
⚡️ Enlightning - Micrometer Mastery: Unleash Advanced Observability in Your JVM Apps,07/11/2024,https://www.youtube.com/watch?v=NgOKXGRq04g
⚡️ Enlightning - Monitoring Kubernetes Clusters,07/15/2024,https://www.youtube.com/watch?v=R-XQxU0q0nY
⚡️ Enlightning - Instant Observability: Exploring the Magic of Pixie,07/18/2024,https://www.youtube.com/watch?v=_4Tg40G0URk
⚡️ Enlightning - Make Your Own Kubernetes User Experience with Headlamp!,07/19/2024,https://www.youtube.com/watch?v=q8j-UtpFOso
⚡️ Enlightning - Progressive Delivery for Kubernetes with Argo Rollouts!,07/25/2024,https://www.youtube.com/watch?v=eghK-RqFpp0
⚡️ Enlightning - Power Your Metrics with Prometheus,07/26/2024,https://www.youtube.com/watch?v=og3B4u1wmO8